Sample_ID,Region,Target_Range,Coverage_%,QC_Status,Variants_Count,Variants_List,Ambiguity_Count_+,Conflict_Count_?,Suggested_Trim_Forward,Suggested_Trim_Reverse
PC,HV1,16024-16365,100.0,REVIEW_NEEDED,7,16039G>A; 16126T>C; 16294C>T; 16296C>T; 16304T>C; 16326A>C; 16343A>M,2,0,"Cut 5': 20, Cut 3': 361 (342 bp, STUTTER_RETAINED_FOR_COMPARISON)","Cut 5': 12, Cut 3': 338 (327 bp, STUTTER_RETAINED_FOR_COMPARISON)"
PC,HV2_HV3,73-576,100.0,PASS,7,73A>G; 76C>G; 103G>R; 109G>A; 151C>T; 199T>C; 263A>G,0,0,"Cut 5': 27, Cut 3': 532 (506 bp, STUTTER_RETAINED_FOR_COMPARISON)","Cut 5': 33, Cut 3': 538 (506 bp, STUTTER_RETAINED_FOR_COMPARISON)"
L1,HV1,16024-16365,100.0,REVIEW_NEEDED,5,16044T>W; 16304T>C; 16335A>G; 16338A>C; 16362T>C,1,0,"Cut 5': 14, Cut 3': 355 (342 bp, STUTTER_RETAINED_FOR_COMPARISON)","Cut 5': 26, Cut 3': 352 (327 bp, STUTTER_RETAINED_FOR_COMPARISON)"
L1,HV2_HV3,73-576,100.0,PASS,6,73A>G; 109G>A; 150C>T; 152T>C; 263A>G; 343C>Y,0,0,"Cut 5': 25, Cut 3': 530 (506 bp, STUTTER_RETAINED_FOR_COMPARISON)","Cut 5': 30, Cut 3': 535 (506 bp, STUTTER_RETAINED_FOR_COMPARISON)"
BL,HV1,16024-16365,97.7,REVIEW_NEEDED,9,16044T>C; 16126T>C; 16284A>G; 16301C>A; 16305A>C; 16312A>G; 16338A>C; 16340A>C; 16343A>C,0,181,"Cut 5': 362, Cut 3': 401 (40 bp, NONE)","Cut 5': 17, Cut 3': 352 (336 bp, NONE)"
BL,HV2_HV3,73-576,91.7,WARNING_HIGH_AMBIGUITY,128,73A>G; 74T>K; 75G>K; 76C>Y; 77A>R; 78C>R; 80C>K; 82A>M; 83T>W; 85G>S; 89T>K; 90G>S; 92G>S; 94G>R; 96C>R; 97G>R; 99T>S; 102A>R; 104C>G; 105C>M; 110C>S; 111A>R; 114C>S; 115T>K; 116A>W; 119T>K; 120C>M; 122C>S; 124G>R; 125T>W; 126A>Y; 128C>Y; 130G>T; 132C>K; 139T>S; 140C>Y; 142T>Y; 143G>S; 146T>Y; 147C>M; 149T>W; 150C>K; 152T>S; 155T>W; 156A>R; 157T>W; 162C>G; 165A>R; 167C>G; 168T>W; 169A>R; 170C>S; 171G>K; 172T>K; 174C>S; 177T>Y; 178A>S; 188A>K; 189A>K; 191A>W; 194C>Y; 195T>K; 197A>M; 198C>Y; 199T>W; 204T>K; 205G>K; 206T>Y; 207G>R; 209T>K; 212T>K; 217T>Y; 220T>K; 222C>K; 223T>W; 226T>Y; 227A>Y; 229G>S; 233T>K; 236T>A; 239T>W; 240A>R; 241A>R; 246T>C; 247G>S; 248A>M; 256C>S; 258C>S; 260G>K; 262C>M; 263A>R; 264C>Y; 265T>Y; 268C>S; 269C>Y; 271C>S; 272A>G; 273C>S; 276A>R; 277C>M; 282T>W; 285C>M; 286A>M; 288A>R; 292T>Y; 294T>K; 296C>S; 297A>M; 299C>Y; 302A>R; 307C>S; 308C>S; 310T>Y; 313C>S; 314C>S; 317C>S; 318T>Y; 343C>T; 485T>A; 496C>T; 524C>A; 525C>A; 526G>A; 527C>A; 528T>A; 532A>G; 533A>G; 534C>G,6,91,"Cut 5': 268, Cut 3': 512 (245 bp, STUTTER_RETAINED_FOR_COMPARISON)","Cut 5': 67, Cut 3': 523 (457 bp, STUTTER_RETAINED_FOR_COMPARISON)"
NC,HV1,16024-16365,0.0,WARNING_HIGH_AMBIGUITY,0,,0,0,Missing,"Cut 5': 548, Cut 3': 995 (448 bp, NONE)"
NC,HV2_HV3,73-576,60.5,WARNING_HIGH_AMBIGUITY,29,76C>A; 91C>G; 119T>G; 123A>C; 126A>T; 128C>T; 148A>G; 157T>G; 159T>G; 160A>G; 161T>G; 194C>G; 212T>G; 215A>G; 236T>G; 239T>G; 257A>G; 261C>T; 278A>G; 287A>G; 311C>G; 319T>G; 320C>G; 342T>G; 352A>G; 353C>G; 366G>T; 372T>G; 395A>G,0,196,"Cut 5': 33, Cut 3': 339 (307 bp, NONE)",Missing
L2,HV1,16024-16365,100.0,WARNING_HIGH_AMBIGUITY,4,16304T>C; 16335A>G; 16343A>C; 16362T>C,3,0,"Cut 5': 17, Cut 3': 358 (342 bp, STUTTER_RETAINED_FOR_COMPARISON)","Cut 5': 19, Cut 3': 349 (331 bp, STUTTER_RETAINED_FOR_COMPARISON)"
L2,HV2_HV3,73-576,100.0,PASS,6,73A>G; 103G>A; 109G>R; 150C>T; 152T>C; 263A>G,0,0,"Cut 5': 24, Cut 3': 529 (506 bp, STUTTER_RETAINED_FOR_COMPARISON)","Cut 5': 32, Cut 3': 537 (506 bp, STUTTER_RETAINED_FOR_COMPARISON)"
